clause_id,contract_id,section_title,clause_text,clause_type,annotation_status,notes,start_offset,end_offset,offset_quality
HDLD001_C001,HDLD001,Điều 1,Loại hợp đồng : ……… …………………………………………………………………………. Từ ngày : …………………………..Đến ngày :………………………………………………….,CONTRACT_TERM,REVIEWED,Gộp loại hợp đồng và khoảng thời gian vì cùng mô tả thời hạn HĐLĐ.,1209,1313,EXACT
HDLD001_C002,HDLD001,Điều 1,Địa điểm làm việc: ………………………………………………………………………………,JOB_INFO,REVIEWED,,1318,1367,EXACT
HDLD001_C003,HDLD001,Điều 1,Bộ phận công tác: + Phòng ………………..…………………………………………………………………………………….. + Chức danh chuyên môn (vị trí công tác): …………………….………………………………………….,JOB_INFO,REVIEWED,,1370,1507,EXACT
HDLD001_C004,HDLD001,Điều 1,"Thực hiện công việc theo đúng chức danh chuyên môn của mình dưới sự quản lý, điều hành của Ban Giám đốc (và các cá nhân được bổ nhiệm hoặc ủy quyền phụ trách).",JOB_INFO,REVIEWED,,1540,1699,EXACT
HDLD001_C005,HDLD001,Điều 1,"Phối hợp cùng với các bộ phận, phòng ban khác trong Người sử dụng lao động để phát huy tối đa hiệu quả công việc.",JOB_INFO,REVIEWED,,1702,1815,EXACT
HDLD001_C006,HDLD001,Điều 1,Hoàn thành những công việc khác tùy thuộc theo yêu cầu kinh doanh của Người sử dụng lao động và theo quyết định của Ban Giám đốc (và các cá nhân được bổ nhiệm hoặc ủy quyền phụ trách).,JOB_INFO,REVIEWED,Có thể trở thành hard case khi đánh risk vì phạm vi công việc mở.,1818,2002,EXACT
HDLD001_C007,HDLD001,Điều 2,Lương căn bản: …………….. đồng/tháng Phụ cấp: ……………….đồng/tháng,COMPENSATION_BENEFITS,REVIEWED,,2052,2116,EXACT
HDLD001_C008,HDLD001,Điều 2,Các khoản bổ sung khác: Tùy quy định cụ thể của công ty.,COMPENSATION_BENEFITS,REVIEWED,Dẫn chiếu quy định nội bộ; có thể cần external document khi đánh risk.,2119,2175,EXACT
HDLD001_C009,HDLD001,Điều 2,Hình thức trả lương: Tiền mặt hoặc chuyển khoản.,COMPENSATION_BENEFITS,REVIEWED,,2178,2226,EXACT
HDLD001_C010,HDLD001,Điều 2,Thời hạn trả lương: Được trả lương vào ngày … của tháng.,COMPENSATION_BENEFITS,REVIEWED,,2229,2286,EXACT
HDLD001_C011,HDLD001,Điều 2,"Chế độ nâng bậc, nâng lương: Người lao động được xét nâng bậc, nâng lương theo kết quả làm việc và theo quy định của Người sử dụng lao động.",COMPENSATION_BENEFITS,REVIEWED,Dẫn chiếu quy định của NSDLĐ.,2289,2429,EXACT
HDLD001_C012,HDLD001,Điều 3,"Thời giờ làm việc: … giờ/ngày, … giờ/tuần",WORKING_TIME,REVIEWED,Tách riêng khỏi nội dung nghỉ hàng tuần dù cùng nằm trên một dòng trong mẫu.,2504,2545,EXACT
HDLD001_C013,HDLD001,Điều 3,Nghỉ hàng tuần: ngày Chủ nhật.,LEAVE,REVIEWED,,2547,2577,EXACT
HDLD001_C014,HDLD001,Điều 3,Từ ngày Thứ 2 đến ngày Thứ 7 hàng tuần: + Buổi sáng : 8h00 - 12h00. + Buổi chiều: 13h00 - 17h00.,WORKING_TIME,REVIEWED,"Đã chuẩn hóa xuống dòng thành một chuỗi; không thay đổi nội dung.; OFFSET_CONTEXT: highlights the shared original sentence/bullet, not exact normalized clause text",2578,2677,CONTEXT
HDLD001_C015,HDLD001,Điều 3,"Người lao động được nghỉ lễ, tết theo luật định; các ngày nghỉ lễ nếu trùng với ngày Chủ nhật thì sẽ được nghỉ bù vào ngày trước hoặc ngày kế tiếp tùy theo tình hình cụ thể mà Ban lãnh đạo Công ty sẽ chỉ đạo trực tiếp.",LEAVE,REVIEWED,,2727,2945,EXACT
HDLD001_C016,HDLD001,Điều 3,"Người lao động đã ký HĐLĐ chính thức và có thâm niên công tác 12 tháng thì sẽ được nghỉ phép năm có hưởng lương (01 ngày phép/01 tháng, 12 ngày phép/01 năm); trường hợp có thâm niên làm việc dưới 12 tháng thì thời gian nghỉ hằng năm được tính theo tỷ lệ tương ứng với số thời gian làm việc.",LEAVE,REVIEWED,,2948,3238,EXACT
HDLD001_C017,HDLD001,Điều 3,Thiết bị và công cụ làm việc sẽ được Công ty cấp phát tùy theo nhu cầu của công việc.,WORKING_CONDITIONS,REVIEWED,Taxonomy v0.2: công cụ/thiết bị làm việc thuộc WORKING_CONDITIONS.,3241,3326,EXACT
HDLD001_C018,HDLD001,Điều 3,Điều kiện an toàn và vệ sinh lao động tại nơi làm việc theo quy định của pháp luật hiện hành.,INSURANCE_SAFETY,REVIEWED,,3329,3422,EXACT
HDLD001_C019,HDLD001,Điều 3,"Bảo hiểm xã hội, bảo hiểm y tế và bảo hiểm thất nghiệp: Theo quy định của pháp luật.",INSURANCE_SAFETY,REVIEWED,,3425,3509,EXACT
HDLD001_C020,HDLD001,Điều 4,"Đào tạo, bồi dưỡng: Người lao động được đào tạo, bồi dưỡng, huấn luyện tại nơi làm việc hoặc được gửi đi đào tạo theo quy định của Công ty và yêu cầu công việc.",TRAINING,REVIEWED,,3595,3755,EXACT
HDLD001_C021,HDLD001,Điều 4,Khen thưởng: Người lao động được khuyến khích bằng vật chất và tinh thần khi có thành tích trong công tác hoặc theo quy định của Công ty.,COMPENSATION_BENEFITS,REVIEWED,,3758,3895,EXACT
HDLD001_C022,HDLD001,Điều 4,"Các khoản thỏa thuận khác gồm: tiền cơm trưa, thưởng mặc định, hỗ trợ xăng xe, điện thoại, nhà ở, trang phục…, theo quy định của Công ty.",COMPENSATION_BENEFITS,REVIEWED,Dẫn chiếu quy định của Công ty.,3898,4035,EXACT
HDLD001_C023,HDLD001,Điều 4,Tuân thủ hợp đồng lao động.,EMPLOYEE_OBLIGATIONS_DISCIPLINE,REVIEWED,,4079,4106,EXACT
HDLD001_C024,HDLD001,Điều 4,"Thực hiện công việc với sự tận tâm, tận lực và mẫn cán, đảm bảo hoàn thành công việc với hiệu quả cao nhất theo sự phân công, điều hành (bằng văn bản hoặc bằng miệng) của Ban Giám đốc (và các cá nhân được Ban Giám đốc bổ nhiệm hoặc ủy quyền phụ trách).",EMPLOYEE_OBLIGATIONS_DISCIPLINE,REVIEWED,,4109,4361,EXACT
HDLD001_C025,HDLD001,Điều 4,Hoàn thành công việc được giao và sẵn sàng chấp nhận mọi sự điều động khi có yêu cầu.,EMPLOYEE_OBLIGATIONS_DISCIPLINE,REVIEWED,Có thể là hard case khi đánh risk.,4364,4449,EXACT
HDLD001_C026,HDLD001,Điều 4,"Nắm rõ và chấp hành nghiêm túc kỷ luật lao động, an toàn lao động, vệ sinh lao động, phòng cháy chữa cháy, văn hóa Công ty, nội quy lao động và các chủ trương, chính sách của Công ty.",EMPLOYEE_OBLIGATIONS_DISCIPLINE,REVIEWED,Dẫn chiếu nhiều quy định nội bộ.,4452,4635,EXACT
HDLD001_C027,HDLD001,Điều 4,"Trong trường hợp được cử đi đào tạo thì nhân viên phải hoàn thành khoá học đúng thời hạn, phải cam kết sẽ phục vụ lâu dài cho Công ty sau khi kết thúc khoá học và được hưởng nguyên lương, các quyền lợi khác được hưởng như người đi làm.",TRAINING,REVIEWED,,4638,4874,EXACT
HDLD001_C028,HDLD001,Điều 4,Nếu sau khi kết thúc khóa đào tạo mà nhân viên không tiếp tục hợp tác với Công ty thì nhân viên phải hoàn trả lại 100% phí đào tạo và các khoản chế độ đã được nhận trong thời gian đào tạo..,TRAINING,REVIEWED,Có thể là risk/hard case; giữ nguyên dấu '..' theo nội dung gốc.,4875,5064,EXACT
HDLD001_C029,HDLD001,Điều 4,Bồi thường vi phạm vật chất: Theo quy định nội bộ cuả Công ty và quy định cuả pháp luật hiện hành;,EMPLOYEE_OBLIGATIONS_DISCIPLINE,REVIEWED,Dẫn chiếu quy định nội bộ và pháp luật.,5067,5165,EXACT
HDLD001_C030,HDLD001,Điều 4,"Có trách nhiệm đề xuất các giải pháp nâng cao hiệu quả công việc, giảm thiểu các rủi ro. Khuyến khích các đóng góp này được thực hiện bằng văn bản.",EMPLOYEE_OBLIGATIONS_DISCIPLINE,REVIEWED,,5168,5315,EXACT
HDLD001_C031,HDLD001,Điều 4,"Thuế TNCN, nếu có: do người lao động đóng. Công ty sẽ tạm khấu trừ trước khi chi trả cho người lao động theo quy định.",EMPLOYEE_OBLIGATIONS_DISCIPLINE,REVIEWED,Taxonomy v0.2: trọng tâm là nghĩa vụ thuế của người lao động.,5318,5436,EXACT
HDLD001_C032,HDLD001,Điều 5,Thực hiện đầy đủ những điều kiện cần thiết đã cam kết trong HĐLĐ để Người lao động đạt hiệu quả công việc cao. Bảo đảm việc làm cho Người lao động theo HĐLĐ đã ký.,EMPLOYER_RIGHTS_OBLIGATIONS,REVIEWED,,5511,5674,EXACT
HDLD001_C033,HDLD001,Điều 5,"Thanh toán đầy đủ, đúng hạn các chế độ và quyền lợi cho người lao động theo hợp đồng lao động, thỏa ước lao động tập thể (nếu có);",EMPLOYER_RIGHTS_OBLIGATIONS,REVIEWED,,5677,5807,EXACT
HDLD001_C034,HDLD001,Điều 5,"Điều hành Người lao động hoàn thành công việc theo HĐLĐ (bố trí, điều chuyển công việc cho Người lao động theo đúng chức năng chuyên môn).",EMPLOYER_RIGHTS_OBLIGATIONS,REVIEWED,,5824,5962,EXACT
HDLD001_C035,HDLD001,Điều 5,"Có quyền chuyển tạm thời lao động, ngừng việc, thay đổi, tạm hoãn, chấm dứt HĐLĐ và áp dụng các biện pháp kỷ luật theo quy định của Pháp luật hiện hành và theo nội quy của Công ty trong thời gian HĐLĐ còn giá trị.",EMPLOYER_RIGHTS_OBLIGATIONS,REVIEWED,Taxonomy v0.2: giữ EMPLOYER_RIGHTS_OBLIGATIONS vì trọng tâm là quyền quản lý tổng quát của NSDLĐ; chỉ dùng TERMINATION khi chấm dứt HĐLĐ là nội dung chính.,5965,6178,EXACT
HDLD001_C036,HDLD001,Điều 5,"Có quyền đòi bồi thường, khiếu nại với cơ quan liên đới để bảo vệ quyền lợi của mình nếu Người lao động vi phạm Pháp luật hay các điều khoản của HĐLĐ.",EMPLOYER_RIGHTS_OBLIGATIONS,REVIEWED,,6181,6331,EXACT
HDLD001_C037,HDLD001,Điều 7,"Những vấn đề về lao động không ghi trong hợp đồng lao động này thì áp dụng quy định cuả thỏa ước tập thể, trường hợp chưa có thỏa ước thì áp dụng quy định của pháp luật lao động.",OTHER,REVIEWED,Điều khoản dẫn chiếu chung.,6603,6781,EXACT
HDLD001_C038,HDLD001,Điều 7,"Hợp đồng này được lập thành 2 bản có giá trị pháp lý như nhau, mỗi bên giữ 1 bản và có hiệu lực kể từ ngày ký.",OTHER,REVIEWED,,6784,6894,EXACT
HDLD001_C039,HDLD001,Điều 7,Khi ký kết các phụ lục hợp đồng lao động thì nội dung của phụ lục cũng có giá trị như các nội dung cuả bản hợp đồng này.,OTHER,REVIEWED,,6897,7017,EXACT
HDLD002_C001,HDLD002,Điều 1,Loại hợp đồng: ……. tháng - Ký lần thứ …… Từ ngày:……………. Đến ngày: ……………,CONTRACT_TERM,REVIEWED,Mô tả loại và thời hạn hợp đồng.,984,1055,EXACT
HDLD002_C002,HDLD002,Điều 1,Địa điểm làm việc: ……………………………………………………,JOB_INFO,REVIEWED,,1058,1097,EXACT
HDLD002_C003,HDLD002,Điều 1,Bộ phận công tác: + Phòng ………………..……………………………… + Chức danh chuyên môn (vị trí công tác): …………………….…………,JOB_INFO,REVIEWED,,1100,1202,EXACT
HDLD002_C004,HDLD002,Điều 1,"Thực hiện công việc theo đúng chức danh chuyên môn của mình dưới sự quản lý, điều hành của Ban Giám đốc (và các cá nhân được bổ nhiệm hoặc ủy quyền phụ trách).",JOB_INFO,REVIEWED,,1235,1394,EXACT
HDLD002_C005,HDLD002,Điều 1,"Phối hợp cùng với các bộ phận, phòng ban khác trong Người sử dụng lao động để phát huy tối đa hiệu quả công việc.",JOB_INFO,REVIEWED,,1397,1510,EXACT
HDLD002_C006,HDLD002,Điều 1,Hoàn thành những công việc khác tùy thuộc theo yêu cầu kinh doanh của Người sử dụng lao động và theo quyết định của Ban Giám đốc (và các cá nhân được bổ nhiệm hoặc ủy quyền phụ trách).,JOB_INFO,REVIEWED,Có thể là hard case khi đánh risk vì phạm vi công việc mở.,1513,1697,EXACT
HDLD002_C007,HDLD002,Điều 2,Lương căn bản: ………………..,COMPENSATION_BENEFITS,REVIEWED,,1747,1770,EXACT
HDLD002_C008,HDLD002,Điều 2,Phụ cấp: ………………… ……,COMPENSATION_BENEFITS,REVIEWED,,1773,1792,EXACT
HDLD002_C009,HDLD002,Điều 2,Các khoản bổ sung khác: tùy quy định cụ thể của Công ty,COMPENSATION_BENEFITS,REVIEWED,Dẫn chiếu quy định nội bộ.,1795,1850,EXACT
HDLD002_C010,HDLD002,Điều 2,Hình thức trả lương: Tiền mặt hoặc chuyển khoản.,COMPENSATION_BENEFITS,REVIEWED,,1853,1901,EXACT
HDLD002_C011,HDLD002,Điều 2,Thời hạn trả lương: Được trả lương vào ngày … của tháng.,COMPENSATION_BENEFITS,REVIEWED,,1904,1961,EXACT
HDLD002_C012,HDLD002,Điều 2,"Chế độ nâng bậc, nâng lương: Người lao động được xét nâng bậc, nâng lương theo kết quả làm việc và theo quy định của Người sử dụng lao động.",COMPENSATION_BENEFITS,REVIEWED,Dẫn chiếu quy định của NSDLĐ.,1964,2104,EXACT
HDLD002_C013,HDLD002,Điều 3,"Thời giờ làm việc: … giờ/ngày, … giờ/tuần",WORKING_TIME,REVIEWED,,2179,2220,EXACT
HDLD002_C014,HDLD002,Điều 3,Nghỉ hàng tuần: ngày ……,LEAVE,REVIEWED,,2222,2245,EXACT
HDLD002_C015,HDLD002,Điều 3,Từ ngày Thứ …. đến ngày Thứ …… hàng tuần: + Buổi sáng : ………………… + Buổi chiều: …………………,WORKING_TIME,REVIEWED,,2248,2333,EXACT
HDLD002_C016,HDLD002,Điều 3,"Người lao động được nghỉ lễ, tết theo luật định; các ngày nghỉ lễ nếu trùng với ngày nghỉ thì sẽ được nghỉ bù vào ngày trước hoặc ngày kế tiếp tùy theo tình hình cụ thể mà Ban lãnh đạo Công ty sẽ chỉ đạo trực tiếp.",LEAVE,REVIEWED,,2383,2597,EXACT
HDLD002_C017,HDLD002,Điều 3,"Người lao động đã ký HĐLĐ chính thức và có thâm niên công tác 12 tháng thì sẽ được nghỉ phép năm có hưởng lương (01 ngày phép/01 tháng, 12 ngày phép/01 năm); trường hợp có thâm niên làm việc dưới 12 tháng thì thời gian nghỉ hằng năm được tính theo tỷ lệ tương ứng với số thời gian làm việc.",LEAVE,REVIEWED,,2600,2890,EXACT
HDLD002_C018,HDLD002,Điều 3,Thiết bị và công cụ làm việc sẽ được Công ty cấp phát tùy theo nhu cầu của công việc.,WORKING_CONDITIONS,REVIEWED,Taxonomy v0.2: công cụ/thiết bị làm việc thuộc WORKING_CONDITIONS.,2893,2978,EXACT
HDLD002_C019,HDLD002,Điều 3,Điều kiện an toàn và vệ sinh lao động tại nơi làm việc theo quy định của pháp luật hiện hành.,INSURANCE_SAFETY,REVIEWED,,2981,3074,EXACT
HDLD002_C020,HDLD002,Điều 3,"Bảo hiểm xã hội, bảo hiểm y tế và bảo hiểm thất nghiệp: Theo quy định của pháp luật.",INSURANCE_SAFETY,REVIEWED,,3077,3161,EXACT
HDLD002_C021,HDLD002,Điều 4,"Đào tạo, bồi dưỡng: Người lao động được đào tạo, bồi dưỡng, huấn luyện tại nơi làm việc hoặc được gửi đi đào tạo theo quy định của Công ty và yêu cầu công việc.",TRAINING,REVIEWED,,3247,3407,EXACT
HDLD002_C022,HDLD002,Điều 4,Khen thưởng: Người lao động được khuyến khích bằng vật chất và tinh thần khi có thành tích trong công tác hoặc theo quy định của Công ty.,COMPENSATION_BENEFITS,REVIEWED,,3410,3547,EXACT
HDLD002_C023,HDLD002,Điều 4,"Các khoản thỏa thuận khác gồm: tiền cơm trưa, thưởng mặc định, hỗ trợ xăng xe, điện thoại, nhà ở, trang phục…, theo quy định của Công ty.",COMPENSATION_BENEFITS,REVIEWED,Dẫn chiếu quy định nội bộ.,3550,3687,EXACT
HDLD002_C024,HDLD002,Điều 4,Tuân thủ hợp đồng lao động.,EMPLOYEE_OBLIGATIONS_DISCIPLINE,REVIEWED,,3731,3758,EXACT
HDLD002_C025,HDLD002,Điều 4,"Thực hiện công việc với sự tận tâm, tận lực và mẫn cán, đảm bảo hoàn thành công việc với hiệu quả cao nhất theo sự phân công, điều hành (bằng văn bản hoặc bằng miệng) của Ban Giám đốc (và các cá nhân được Ban Giám đốc bổ nhiệm hoặc ủy quyền phụ trách).",EMPLOYEE_OBLIGATIONS_DISCIPLINE,REVIEWED,,3761,4013,EXACT
HDLD002_C026,HDLD002,Điều 4,Hoàn thành công việc được giao và sẵn sàng chấp nhận mọi sự điều động khi có yêu cầu.,EMPLOYEE_OBLIGATIONS_DISCIPLINE,REVIEWED,Có thể là hard case khi đánh risk.,4016,4101,EXACT
HDLD002_C027,HDLD002,Điều 4,"Nắm rõ và chấp hành nghiêm túc kỷ luật lao động, an toàn lao động, vệ sinh lao động, phòng cháy chữa cháy, văn hóa Công ty, nội quy lao động và các chủ trương, chính sách của Công ty.",EMPLOYEE_OBLIGATIONS_DISCIPLINE,REVIEWED,Dẫn chiếu nhiều quy định nội bộ.,4104,4287,EXACT
HDLD002_C028,HDLD002,Điều 4,"Trong trường hợp được cử đi đào tạo thì nhân viên phải hoàn thành khoá học đúng thời hạn, phải cam kết sẽ phục vụ lâu dài cho Công ty sau khi kết thúc khoá học và được hưởng nguyên lương, các quyền lợi khác được hưởng như người đi làm.",TRAINING,REVIEWED,,4290,4525,EXACT
HDLD002_C029,HDLD002,Điều 4,Nếu sau khi kết thúc khóa đào tạo mà nhân viên không tiếp tục hợp tác với Công ty thì nhân viên phải hoàn trả lại 100% phí đào tạo và các khoản chế độ đã được nhận trong thời gian đào tạo..,TRAINING,REVIEWED,Có thể là risk/hard case.,4526,4715,EXACT
HDLD002_C030,HDLD002,Điều 4,Bồi thường vi phạm vật chất: Theo quy định nội bộ cuả Công ty và quy định cuả pháp luật hiện hành;,EMPLOYEE_OBLIGATIONS_DISCIPLINE,REVIEWED,Dẫn chiếu quy định nội bộ và pháp luật.,4718,4816,EXACT
HDLD002_C031,HDLD002,Điều 4,"Có trách nhiệm đề xuất các giải pháp nâng cao hiệu quả công việc, giảm thiểu các rủi ro. Khuyến khích các đóng góp này được thực hiện bằng văn bản.",EMPLOYEE_OBLIGATIONS_DISCIPLINE,REVIEWED,,4819,4966,EXACT
HDLD002_C032,HDLD002,Điều 4,"Thuế TNCN, nếu có: do người lao động đóng. Công ty sẽ tạm khấu trừ trước khi chi trả cho người lao động theo quy định.",EMPLOYEE_OBLIGATIONS_DISCIPLINE,REVIEWED,Taxonomy v0.2: trọng tâm là nghĩa vụ thuế của người lao động.,4969,5087,EXACT
HDLD002_C033,HDLD002,Điều 5,Thực hiện đầy đủ những điều kiện cần thiết đã cam kết trong HĐLĐ để Người lao động đạt hiệu quả công việc cao. Bảo đảm việc làm cho Người lao động theo HĐLĐ đã ký.,EMPLOYER_RIGHTS_OBLIGATIONS,REVIEWED,,5162,5325,EXACT
HDLD002_C034,HDLD002,Điều 5,"Thanh toán đầy đủ, đúng hạn các chế độ và quyền lợi cho người lao động theo hợp đồng lao động, thỏa ước lao động tập thể (nếu có);",EMPLOYER_RIGHTS_OBLIGATIONS,REVIEWED,,5328,5458,EXACT
HDLD002_C035,HDLD002,Điều 5,"Điều hành Người lao động hoàn thành công việc theo HĐLĐ (bố trí, điều chuyển công việc cho Người lao động theo đúng chức năng chuyên môn).",EMPLOYER_RIGHTS_OBLIGATIONS,REVIEWED,,5475,5613,EXACT
HDLD002_C036,HDLD002,Điều 5,"Có quyền chuyển tạm thời lao động, ngừng việc, thay đổi, tạm hoãn, chấm dứt HĐLĐ và áp dụng các biện pháp kỷ luật theo quy định của Pháp luật hiện hành và theo nội quy của Công ty trong thời gian HĐLĐ còn giá trị.",EMPLOYER_RIGHTS_OBLIGATIONS,REVIEWED,Taxonomy v0.2: giữ EMPLOYER_RIGHTS_OBLIGATIONS vì trọng tâm là quyền quản lý tổng quát của NSDLĐ; chỉ dùng TERMINATION khi chấm dứt HĐLĐ là nội dung chính.,5616,5829,EXACT
HDLD002_C037,HDLD002,Điều 5,"Có quyền đòi bồi thường, khiếu nại với cơ quan liên đới để bảo vệ quyền lợi của mình nếu Người lao động vi phạm Pháp luật hay các điều khoản của HĐLĐ.",EMPLOYER_RIGHTS_OBLIGATIONS,REVIEWED,,5832,5982,EXACT
HDLD002_C038,HDLD002,Điều 7,"Những vấn đề về lao động không ghi trong hợp đồng lao động này thì áp dụng quy định cuả thỏa ước tập thể, trường hợp chưa có thỏa ước thì áp dụng quy định của pháp luật lao động.",OTHER,REVIEWED,Điều khoản dẫn chiếu chung.,6246,6424,EXACT
HDLD002_C039,HDLD002,Điều 7,"Hợp đồng này được lập thành 2 bản có giá trị pháp lý như nhau, mỗi bên giữ 1 bản và có hiệu lực kể từ ngày ký.",OTHER,REVIEWED,,6427,6537,EXACT
HDLD002_C040,HDLD002,Điều 7,Khi ký kết các phụ lục hợp đồng lao động thì nội dung của phụ lục cũng có giá trị như các nội dung cuả bản hợp đồng này.,OTHER,REVIEWED,,6540,6660,EXACT
HDLD003_C001,HDLD003,Điều 1,Loại Hợp đồng lao động: …,CONTRACT_TERM,REVIEWED,Tiêu đề tài liệu cho biết đây là HĐLĐ không xác định thời hạn.,564,589,EXACT
HDLD003_C002,HDLD003,Điều 1,Địa điểm làm việc: …,JOB_INFO,REVIEWED,,590,610,EXACT
HDLD003_C003,HDLD003,Điều 1,Bộ phận công tác: Phòng … Chức danh chuyên môn (vị trí công tác): …,JOB_INFO,REVIEWED,,611,678,EXACT
HDLD003_C004,HDLD003,Điều 1,"Thực hiện công việc theo đúng chức danh chuyên môn của mình dưới sự quản lý, điều hành của Ban Giám đốc (và các cá nhân được bổ nhiệm hoặc ủy quyền phụ trách).",JOB_INFO,REVIEWED,,709,868,EXACT
HDLD003_C005,HDLD003,Điều 1,"Phối hợp cùng với các bộ phận, phòng ban khác trong Công ty để phát huy tối đa hiệu quả công việc.",JOB_INFO,REVIEWED,,871,969,EXACT
HDLD003_C006,HDLD003,Điều 1,Hoàn thành những công việc khác tùy thuộc theo yêu cầu kinh doanh của Công ty và theo quyết định của Ban Giám đốc (và các cá nhân được bổ nhiệm hoặc ủy quyền phụ trách).,JOB_INFO,REVIEWED,Có thể là hard case khi đánh risk.,972,1141,EXACT
HDLD003_C007,HDLD003,Điều 2,Thời gian làm việc: …,WORKING_TIME,REVIEWED,,1166,1187,EXACT
HDLD003_C008,HDLD003,Điều 2,Từ ngày thứ ... đến sáng ngày thứ ...: – Buổi sáng : ... – Buổi chiều: ...,WORKING_TIME,REVIEWED,,1188,1262,EXACT
HDLD003_C009,HDLD003,Điều 2,Có thời gian làm việc tăng ca theo tính chất công việc của công ty và vẫn đảm bảo theo đúng quy định của pháp luật hiện hành về việc làm thêm giờ.,WORKING_TIME,REVIEWED,,1263,1409,EXACT
HDLD003_C010,HDLD003,Điều 2,"Công ty sẽ cấp phát các công cụ, thiết bị để phục vụ cho quá trình làm việc.",WORKING_CONDITIONS,REVIEWED,Taxonomy v0.2: công cụ/thiết bị làm việc thuộc WORKING_CONDITIONS.,1410,1486,EXACT
HDLD003_C011,HDLD003,Điều 2,Điều kiện an toàn và vệ sinh lao động tại nơi làm việc theo quy định của pháp luật hiện hành.,INSURANCE_SAFETY,REVIEWED,,1487,1580,EXACT
HDLD003_C012,HDLD003,Điều 3,"Thực hiện công việc với sự tận tâm, tận lực, đảm bảo hoàn thành công việc với hiệu quả cao nhất theo sự phân công, điều hành (bằng văn bản hoặc bằng miệng) của Ban Giám đốc trong Công ty (và các cá nhân được Ban Giám đốc bổ nhiệm hoặc ủy quyền phụ trách).",EMPLOYEE_OBLIGATIONS_DISCIPLINE,REVIEWED,,1642,1897,EXACT
HDLD003_C013,HDLD003,Điều 3,Hoàn thành công việc được giao và sẵn sàng chấp nhận mọi sự điều động khi có yêu cầu,EMPLOYEE_OBLIGATIONS_DISCIPLINE,REVIEWED,Có thể là hard case khi đánh risk.,1901,1985,EXACT
HDLD003_C014,HDLD003,Điều 3,"Nắm rõ và chấp hành nghiêm túc kỷ luật lao động, an toàn lao động, vệ sinh lao động, PCCC, văn hóa công ty, nội quy lao động và các chủ trương, chính sách của Công ty.",EMPLOYEE_OBLIGATIONS_DISCIPLINE,REVIEWED,Dẫn chiếu nội quy/chính sách nội bộ.,1989,2156,EXACT
HDLD003_C015,HDLD003,Điều 3,"Bồi thường vi phạm và vật chất theo quy chế, nội quy của Công ty và pháp luật Nhà nước quy định.",EMPLOYEE_OBLIGATIONS_DISCIPLINE,REVIEWED,Dẫn chiếu nội quy.,2160,2256,EXACT
HDLD003_C016,HDLD003,Điều 3,"Tham dự đầy đủ, nhiệt tình các buổi huấn luyện, đào tạo, hội thảo do Bộ phận hoặc Công ty tổ chức.",TRAINING,REVIEWED,,2260,2358,EXACT
HDLD003_C017,HDLD003,Điều 3,Thực hiện đúng cam kết trong HĐLĐ và các thỏa thuận bằng văn bản khác với Công ty.,EMPLOYEE_OBLIGATIONS_DISCIPLINE,REVIEWED,,2362,2444,EXACT
HDLD003_C018,HDLD003,Điều 3,Đóng các loại bảo hiểm đầy đủ theo quy định của pháp luật.,INSURANCE_SAFETY,REVIEWED,"Tách từ clause gốc multi-topic; lặp phần vị ngữ chung để mỗi clause chỉ mang một ý nghĩa.; OFFSET_CONTEXT: highlights the shared original sentence/bullet, not exact normalized clause text",2445,2524,CONTEXT
HDLD003_C018A,HDLD003,Điều 3,Đóng các khoản thuế đầy đủ theo quy định của pháp luật.,EMPLOYEE_OBLIGATIONS_DISCIPLINE,REVIEWED,"Tách từ HDLD003_C018 gốc multi-topic; lặp phần vị ngữ chung để mỗi clause chỉ mang một ý nghĩa.; OFFSET_CONTEXT: highlights the shared original sentence/bullet, not exact normalized clause text",2445,2524,CONTEXT
HDLD003_C019,HDLD003,Điều 3,"Chế độ đào tạo: Theo quy định của Công ty và yêu cầu công việc. Trong trường hợp Cán bộ nhân viên được cử đi đào tạo thì nhân viên phải hoàn thành khoá học đúng thời hạn, phải cam kết sẽ phục vụ lâu dài cho Công ty sau khi kết thúc khoá học và được hưởng nguyên lương, các quyền lợi khác được hưởng như người đi làm.",TRAINING,REVIEWED,,2528,2844,EXACT
HDLD003_C020,HDLD003,Điều 3,Nếu sau khi kết thúc khóa đào tạo mà nhân viên không tiếp tục hợp tác với Công ty thì nhân viên phải hoàn trả lại 100% phí đào tạo và các khoản chế độ đã được nhận trong thời gian đào tạo.,TRAINING,REVIEWED,Có thể là risk/hard case.,2848,3036,EXACT
HDLD003_C021,HDLD003,Điều 3,Mức lương chính: …. VNĐ/tháng.,COMPENSATION_BENEFITS,REVIEWED,,3075,3105,EXACT
HDLD003_C022,HDLD003,Điều 3,Phụ cấp trách nhiệm: ….. VNĐ/tháng,COMPENSATION_BENEFITS,REVIEWED,,3108,3142,EXACT
HDLD003_C023,HDLD003,Điều 3,Phụ cấp hiệu suất công việc: Theo đánh giá của quản lý.,COMPENSATION_BENEFITS,REVIEWED,,3145,3200,EXACT
HDLD003_C024,HDLD003,Điều 3,"Lương hiệu quả: Theo quy định của phòng ban, công ty.",COMPENSATION_BENEFITS,REVIEWED,Dẫn chiếu quy định nội bộ.,3203,3256,EXACT
HDLD003_C025,HDLD003,Điều 3,"Công tác phí: Tùy từng vị trí, người lao động được hưởng theo quy định của công ty.",COMPENSATION_BENEFITS,REVIEWED,,3259,3342,EXACT
HDLD003_C026,HDLD003,Điều 3,Hình thức trả lương: chuyển khoản.,COMPENSATION_BENEFITS,REVIEWED,,3345,3379,EXACT
HDLD003_C027,HDLD003,Điều 3,Khen thưởng: Người lao động được khuyến khích bằng vật chất và tinh thần khi có thành tích trong công tác hoặc theo quy định của công ty.,COMPENSATION_BENEFITS,REVIEWED,,3405,3542,EXACT
HDLD003_C028,HDLD003,Điều 3,"Chế độ nâng lương: Theo quy định của Nhà nước và quy chế tiền lương của Công ty. Người lao động hoàn thành tốt nhiệm vụ được giao, không vi phạm kỷ luật và/hoặc không trong thời gian xử lý kỷ luật lao động và đủ điều kiện về thời gian theo quy chế lương thì được xét nâng lương.",COMPENSATION_BENEFITS,REVIEWED,,3545,3823,EXACT
HDLD003_C029,HDLD003,Điều 3,Nghỉ hàng tuần: ...,LEAVE,REVIEWED,,3874,3893,EXACT
HDLD003_C030,HDLD003,Điều 3,"Nghỉ hàng năm: Những nhân viên được ký Hợp đồng chính thức và có thâm niên công tác 12 tháng thì sẽ được nghỉ phép năm có hưởng lương (01 ngày phép/01 tháng, 12 ngày phép/01 năm). Nhân viên có thâm niên làm việc dưới 12 tháng thì thời gian nghỉ hằng năm được tính theo tỷ lệ tương ứng với số thời gian làm việc.",LEAVE,REVIEWED,,3896,4207,EXACT
HDLD003_C031,HDLD003,Điều 3,Nghỉ ngày Lễ: Các ngày nghỉ Lễ pháp định. Các ngày nghỉ lễ nếu trùng với ngày Chủ nhật thì sẽ được nghỉ bù vào ngày trước hoặc ngày kế tiếp tùy theo tình hình cụ thể mà Ban lãnh đạo Công ty sẽ chỉ đạo trực tiếp.,LEAVE,REVIEWED,,4210,4421,EXACT
HDLD003_C032,HDLD003,Điều 3,Chế độ Bảo hiểm xã hội theo quy định của nhà nước.,INSURANCE_SAFETY,REVIEWED,,4424,4474,EXACT
HDLD003_C033,HDLD003,Điều 3,"Các chế độ được hưởng: Người lao động được hưởng các chế độ ngừng việc, trợ cấp thôi việc hoặc bồi thường theo quy định của Pháp luật hiện hành.",COMPENSATION_BENEFITS,REVIEWED,Taxonomy v0.2: giữ COMPENSATION_BENEFITS vì trọng tâm là chế độ/quyền lợi NLĐ được hưởng.,4477,4621,EXACT
HDLD003_C034,HDLD003,Điều 3,Thỏa thuận khác: Công ty được quyền chấm dứt Hợp đồng lao động trước thời hạn đối với Người lao động có kết quả đánh giá hiệu suất công việc dưới mức quy định trong 03 tháng liên tục.,TERMINATION,REVIEWED,Clause termination rõ.,4624,4807,EXACT
HDLD003_C035,HDLD003,Điều 4,Thực hiện đầy đủ những điều kiện cần thiết đã cam kết trong Hợp đồng lao động để người lao động đạt hiệu quả công việc cao. Bảo đảm việc làm cho người lao động theo Hợp đồng đã ký.,EMPLOYER_RIGHTS_OBLIGATIONS,REVIEWED,,4874,5054,EXACT
HDLD003_C036,HDLD003,Điều 4,"Thanh toán đầy đủ, đúng thời hạn các chế độ và quyền lợi cho người lao động theo Hợp đồng lao động.",EMPLOYER_RIGHTS_OBLIGATIONS,REVIEWED,,5055,5154,EXACT
HDLD003_C037,HDLD003,Điều 4,"Điều hành người lao động hoàn thành công việc theo Hợp đồng (bố trí, điều chuyển công việc cho người lao động theo đúng chức năng chuyên môn).",EMPLOYER_RIGHTS_OBLIGATIONS,REVIEWED,,5158,5300,EXACT
HDLD003_C038,HDLD003,Điều 4,"Có quyền chuyển tạm thời lao động, ngừng việc, thay đổi, tạm thời chấm dứt Hợp đồng lao động và áp dụng các biện pháp kỷ luật theo quy định của Pháp luật hiện hành và theo nội quy của Công ty trong thời gian hợp đồng còn giá trị.",EMPLOYER_RIGHTS_OBLIGATIONS,REVIEWED,Taxonomy v0.2: giữ EMPLOYER_RIGHTS_OBLIGATIONS vì trọng tâm là quyền quản lý tổng quát của NSDLĐ; chỉ dùng TERMINATION khi chấm dứt HĐLĐ là nội dung chính.,5304,5533,EXACT
HDLD003_C039,HDLD003,Điều 4,"Tạm hoãn, chấm dứt Hợp đồng, kỷ luật người lao động theo đúng quy định của Pháp luật, và nội quy lao động của Công ty.",EMPLOYER_RIGHTS_OBLIGATIONS,REVIEWED,Taxonomy v0.2: giữ EMPLOYER_RIGHTS_OBLIGATIONS vì trọng tâm là quyền quản lý tổng quát của NSDLĐ; chỉ dùng TERMINATION khi chấm dứt HĐLĐ là nội dung chính.,5537,5655,EXACT
HDLD003_C040,HDLD003,Điều 4,"Có quyền đòi bồi thường, khiếu nại với cơ quan liên đới để bảo vệ quyền lợi của mình nếu người lao động vi phạm Pháp luật hay các điều khoản của hợp đồng này.",EMPLOYER_RIGHTS_OBLIGATIONS,REVIEWED,,5659,5817,EXACT
HDLD003_C041,HDLD003,Điều 5,Người lao động thường xuyên không hoàn thành công việc theo hợp đồng lao động;,TERMINATION,REVIEWED,Lý do đơn phương chấm dứt do NSDLĐ.,6037,6115,EXACT
HDLD003_C042,HDLD003,Điều 5,"Người lao động bị ốm đau, tai nạn đã điều trị 12 tháng liên tục đối với người làm theo hợp đồng lao động không xác định thời hạn, đã điều trị 06 tháng liên tục, đối với người lao động làm theo hợp đồng lao động xác định thời hạn và quá nửa thời hạn hợp đồng lao động đối với người làm theo hợp đồng lao động theo mùa vụ hoặc theo một công việc nhất định có thời hạn dưới 12 tháng mà khả năng lao động chưa hồi phục.",TERMINATION,REVIEWED,Giữ nguyên nội dung mẫu nguồn.,6119,6534,EXACT
HDLD003_C043,HDLD003,Điều 5,"Do thiên tai, hỏa hoạn hoặc những lý do bất khả kháng khác theo quy định của pháp luật, mà người sử dụng lao động đã tìm mọi biện pháp khắc phục nhưng vẫn buộc phải thu hẹp sản xuất, giảm chỗ làm việc;",TERMINATION,REVIEWED,,6538,6739,EXACT
HDLD003_C044,HDLD003,Điều 5,Người lao động không có mặt tại nơi làm việc sau thời hạn quy định tại Điều 33 của Bộ luật này.,TERMINATION,REVIEWED,,6743,6838,EXACT
HDLD003_C045,HDLD003,Điều 5,"Doanh nghiệp, cơ quan, tổ chức chấm dứt hoạt động.",TERMINATION,REVIEWED,,6842,6892,EXACT
HDLD003_C046,HDLD003,Điều 5,Người lao động vi phạm kỷ luật mức sa thải.,TERMINATION,REVIEWED,,6896,6939,EXACT
HDLD003_C047,HDLD003,Điều 5,Người lao động có hành vi gây thiệt hại nghiêm trọng về tài sản và lợi ích của Công ty.,TERMINATION,REVIEWED,,6943,7030,EXACT
HDLD003_C048,HDLD003,Điều 5,Người lao động đang thi hành kỷ luật mức chuyển công tác mà tái phạm.,TERMINATION,REVIEWED,,7034,7103,EXACT
HDLD003_C049,HDLD003,Điều 5,Người lao động tự ý bỏ việc 5 ngày/1 tháng và 20 ngày/1 năm.,TERMINATION,REVIEWED,,7107,7167,EXACT
HDLD003_C050,HDLD003,Điều 5,Người lao động vi phạm Pháp luật Nhà nước.,TERMINATION,REVIEWED,,7171,7213,EXACT
HDLD003_C051,HDLD003,Điều 5,Khi đơn phương chấm dứt hợp đồng lao động người sử dụng lao động phải báo cho người lao động biết trước: Ít nhất 45 ngày.,TERMINATION,REVIEWED,,7214,7335,EXACT
HDLD003_C052,HDLD003,Điều 5,"Trong thời hạn 07 ngày, kể từ ngày chấm dứt Hợp đồng lao động, hai bên có trách nhiệm thanh toán đầy đủ các khoản có liên quan đến quyền lợi của mỗi bên, trường hợp đặc biệt, có thể kéo dài nhưng không quá 30 ngày.",TERMINATION,REVIEWED,,7336,7550,EXACT
HDLD003_C053,HDLD003,Điều 5,Trong trường hợp doanh nghiệp bị phá sản thì các khoản có liên quan đến quyền lợi của người lao động được thanh toán theo quy định của Luật Phá sản doanh nghiệp.,TERMINATION,REVIEWED,,7551,7712,EXACT
HDLD003_C054,HDLD003,Điều 5,"Người lao động làm việc theo hợp đồng lao động không xác định thời hạn có quyền đơn phương chấm dứt hợp đồng lao động, nhưng phải báo cho người sử dụng lao động biết trước ít nhất 45 ngày.",TERMINATION,REVIEWED,Giữ nguyên nội dung mẫu nguồn.,7728,7916,EXACT
HDLD003_C055,HDLD003,Điều 6,Trong quá trình thực hiện hợp đồng nếu một bên có nhu cầu thay đổi nội dung trong hợp đồng phải báo cho bên kia trước ít nhất 03 ngày và ký kết bản Phụ lục hợp đồng theo quy định của Pháp luật. Trong thời gian tiến hành thỏa thuận hai bên vẫn tuân theo hợp đồng lao động đã ký kết.,OTHER,REVIEWED,Sửa đổi/phụ lục hợp đồng.,7947,8228,EXACT
HDLD003_C056,HDLD003,Điều 6,"Người lao động đọc kỹ, hiểu rõ và cam kết thực hiện các điều khoản và quy định ghi tại Hợp đồng lao động.",OTHER,REVIEWED,,8229,8334,EXACT
HDLD003_C057,HDLD003,Điều 7,"Những vấn đề về lao động không ghi trong Hợp đồng lao động này thì áp dụng theo quy định của Thỏa ước tập thể, nội quy lao động và Pháp luật lao động.",OTHER,REVIEWED,,8363,8513,EXACT
HDLD003_C058,HDLD003,Điều 7,Khi hai bên ký kết Phụ lục hợp đồng lao động thì nội dung của Phụ lục hợp đồng lao động cũng có giá trị như các nội dung của bản hợp đồng này.,OTHER,REVIEWED,,8514,8656,EXACT
HDLD003_C059,HDLD003,Điều 7,"Hợp đồng này được lập thành 02 (hai) bản có giá trị như nhau, Hành chính nhân sự giữ 01 (một) bản, Người lao động giữ 01 (một) bản và có hiệu lực kể từ ngày … tháng … năm 20…",OTHER,REVIEWED,,8657,8831,EXACT
HDLD003_C060,HDLD003,Điều 7,Hợp đồng được lập tại:…,OTHER,REVIEWED,Có thể bỏ khỏi dataset nếu sau này coi đây là metadata thuần túy.,8832,8855,EXACT
HDLD004_C001,HDLD004,Điều 1,- Hợp đồng lao động: Không xác định thời hạn hoặc có thời hạn ..........tháng.,CONTRACT_TERM,REVIEWED,,2466,2544,EXACT
HDLD004_C002,HDLD004,Điều 1,Ngày bắt đầu làm việc: Từ ngày... tháng ... năm...,CONTRACT_TERM,REVIEWED,,2545,2595,EXACT
HDLD004_C003,HDLD004,Điều 1,- Thời gian thử việc (nếu có): từ ngày... tháng... năm.... đến ngày.... tháng ... năm...,CONTRACT_TERM,REVIEWED,,2596,2684,EXACT
HDLD004_C004,HDLD004,Điều 2,- Địa điểm làm việc (ghi rõ địa chỉ nơi người lao động thực hiện công việc giúp việc gia đình): …………………………………………………………………,JOB_INFO,REVIEWED,,2724,2845,EXACT
HDLD004_C005,HDLD004,Điều 2,"- Công việc phải làm (ghi rõ các công việc người lao động phải thực hiện hằng ngày ví dụ như: vệ sinh nhà cửa, nấu ăn, giặt giũ, chăm sóc trẻ em....):",JOB_INFO,REVIEWED,,2846,2996,EXACT
HDLD004_C006,HDLD004,Điều 3,"- Mức lương: .......................................... đồng/tháng (hoặc tuần hoặc ngày hoặc giờ), trong đó chi phí ăn, ở của người lao động (nếu có): .........................đồng.",COMPENSATION_BENEFITS,REVIEWED,,3198,3379,EXACT
HDLD004_C007,HDLD004,Điều 3,"- Các khoản phụ cấp, bổ sung (nếu có): ...............................................................................",COMPENSATION_BENEFITS,REVIEWED,,3380,3498,EXACT
HDLD004_C008,HDLD004,Điều 3,- Hình thức trả lương (tiền mặt/chuyển khoản): ......................................................................,COMPENSATION_BENEFITS,REVIEWED,,3499,3616,EXACT
HDLD004_C009,HDLD004,Điều 3,- Kỳ hạn trả lương: tiền lương được trả vào ngày/giờ ................. hằng tháng/tuần/ngày.,COMPENSATION_BENEFITS,REVIEWED,,3617,3709,EXACT
HDLD004_C010,HDLD004,Điều 3,"- Khoản tiền bằng mức đóng bảo hiểm y tế, bảo hiểm xã hội thuộc trách nhiệm của người sử dụng lao động trả cho người lao động cùng kỳ trả lương: …………… đồng.",INSURANCE_SAFETY,REVIEWED,,3710,3866,EXACT
HDLD004_C011,HDLD004,Điều 3,"- Chế độ nâng lương (ghi rõ thời gian, điều kiện và các trường hợp được nâng lương nếu có): ............................................................................................................................",COMPENSATION_BENEFITS,REVIEWED,,3867,4083,EXACT
HDLD004_C012,HDLD004,Điều 3,"- Thưởng (ghi rõ điều kiện và các trường hợp được thưởng, mức thưởng nếu có): .............................................................................................................................",COMPENSATION_BENEFITS,REVIEWED,,4084,4287,EXACT
HDLD004_C013,HDLD004,Điều 3,"- Tiền tàu xe về nơi cư trú của người lao động (ghi rõ các trường hợp được hỗ trợ tiền tàu xe về nơi cư trú, mức hỗ trợ): …………………………………………..",COMPENSATION_BENEFITS,REVIEWED,,4288,4428,EXACT
HDLD004_C014,HDLD004,Điều 3,"- Hỗ trợ học nghề, học văn hóa (nếu có)..............................................................................",TRAINING,REVIEWED,,4429,4546,EXACT
HDLD004_C015,HDLD004,Điều 4,- Thời giờ làm việc: .............................................................................................................,WORKING_TIME,REVIEWED,,4593,4723,EXACT
HDLD004_C016,HDLD004,Điều 4,- Thời giờ người lao động được nghỉ liên tục trong ngày: .......................................................,WORKING_TIME,REVIEWED,,4724,4836,EXACT
HDLD004_C017,HDLD004,Điều 4,- Ngày nghỉ hằng tuần: ........................................................................................................,LEAVE,REVIEWED,,4837,4964,EXACT
HDLD004_C018,HDLD004,Điều 4,- Ngày nghỉ hằng năm: ........................................................................................................,LEAVE,REVIEWED,,4965,5091,EXACT
HDLD004_C019,HDLD004,Điều 4,"- Ngày nghỉ lễ, tết: ...............................................................................................................",LEAVE,REVIEWED,,5092,5224,EXACT
HDLD004_C020,HDLD004,Điều 5,- Trang bị bảo hộ lao động (nếu có): ....................................................................................,INSURANCE_SAFETY,REVIEWED,,5252,5373,EXACT
HDLD004_C021,HDLD004,Điều 5,"- Chỗ ăn, ở của người lao động (đối với người lao động sống tại gia đình người sử dụng lao động .............................................................................................................................................",WORKING_CONDITIONS,REVIEWED,,5374,5611,EXACT
HDLD004_C022,HDLD004,Điều 6,"- Về thanh toán tiền lương, các khoản phụ cấp, bổ sung khác; thưởng; tiền tàu xe về nơi cư trú theo thỏa thuận trong hợp đồng lao động: ................................................................",COMPENSATION_BENEFITS,REVIEWED,,5816,6016,EXACT
HDLD004_C023,HDLD004,Điều 6,- Về nghỉ ngơi theo thỏa thuận trong hợp đồng lao động: ..................................................................................................,LEAVE,REVIEWED,"Tách từ bullet đa chủ đề; lặp phần ngữ cảnh chung 'theo thỏa thuận trong hợp đồng lao động' để clause đứng độc lập.; OFFSET_CONTEXT: highlights the shared original sentence/bullet, not exact normalized clause text",6017,6201,CONTEXT
HDLD004_C024,HDLD004,Điều 6,"- Về hỗ trợ học nghề, học văn hóa theo thỏa thuận trong hợp đồng lao động: ..................................................................................................",TRAINING,REVIEWED,"Tách từ bullet đa chủ đề; lặp tiền tố 'Về' và giữ phần ngữ cảnh chung để clause đứng độc lập.; OFFSET_CONTEXT: highlights the shared original sentence/bullet, not exact normalized clause text",6017,6201,CONTEXT
HDLD004_C025,HDLD004,Điều 6,"- Về bố trí chỗ ăn, ở theo thỏa thuận trong hợp đồng lao động: ……………………………",WORKING_CONDITIONS,REVIEWED,"Tách từ bullet đa chủ đề; lặp phần ngữ cảnh chung cuối bullet để clause đứng độc lập.; OFFSET_CONTEXT: highlights the shared original sentence/bullet, not exact normalized clause text",6202,6324,CONTEXT
HDLD004_C026,HDLD004,Điều 6,- Về trang bị bảo hộ lao động theo thỏa thuận trong hợp đồng lao động: ……………………………,INSURANCE_SAFETY,REVIEWED,"Tách từ bullet đa chủ đề; lặp tiền tố 'Về' và phần ngữ cảnh chung để clause đứng độc lập.; OFFSET_CONTEXT: highlights the shared original sentence/bullet, not exact normalized clause text",6202,6324,CONTEXT
HDLD004_C027,HDLD004,Điều 6,- Về bồi thường thiệt hại theo thỏa thuận trong hợp đồng lao động: ……………………………,OTHER,REVIEWED,"Quyền của NLĐ về bồi thường thiệt hại; taxonomy hiện tại không có class EMPLOYEE_RIGHTS/DAMAGES nên giữ OTHER. Tách từ bullet đa chủ đề và lặp phần ngữ cảnh chung để clause đứng độc lập.; OFFSET_CONTEXT: highlights the shared original sentence/bullet, not exact normalized clause text",6202,6324,CONTEXT
HDLD004_C028,HDLD004,Điều 6,- Về hoàn thành công việc theo hợp đồng lao động: .............................................................,EMPLOYEE_OBLIGATIONS_DISCIPLINE,REVIEWED,,6357,6468,EXACT
HDLD004_C029,HDLD004,Điều 6,"- Về thực hiện đúng hướng dẫn sử dụng trang thiết bị, máy móc, đồ dùng và phòng chống cháy nổ, bảo đảm các yêu cầu vệ sinh môi trường của hộ gia đình, khu dân cư nơi cư trú: ........................................................",EMPLOYEE_OBLIGATIONS_DISCIPLINE,REVIEWED,,6469,6699,EXACT
HDLD004_C030,HDLD004,Điều 6,"- Về bồi thường cho người sử dụng lao động nếu làm mất, hư hỏng tài sản trong gia đình người sử dụng lao động theo quy định của pháp luật và thỏa thuận giữa hai bên: ....................................................................",EMPLOYEE_OBLIGATIONS_DISCIPLINE,REVIEWED,,6700,6934,EXACT
HDLD004_C031,HDLD004,Điều 6,- Về cung cấp tài liệu hợp pháp cho người sử dụng lao động để đăng ký tạm trú (đối với người lao động sống cùng người sử dụng lao động nếu thuộc đối tượng phải đăng ký tạm trú): ...................................................,EMPLOYEE_OBLIGATIONS_DISCIPLINE,REVIEWED,,6935,7164,EXACT
HDLD004_C032,HDLD004,Điều 7,"- Về quản lý, điều hành người lao động thực hiện các công việc theo thỏa thuận trong hợp đồng lao động: ……………………………………………………………",EMPLOYER_RIGHTS_OBLIGATIONS,REVIEWED,,7255,7382,EXACT
HDLD004_C033,HDLD004,Điều 7,"- Về bồi thường thiệt hại nếu người lao động làm mất, hư hỏng tài sản trong gia đình người sử dụng lao động theo quy định của pháp luật và thỏa thuận giữa hai bên: ...........................................................................",EMPLOYER_RIGHTS_OBLIGATIONS,REVIEWED,,7383,7622,EXACT
HDLD004_C034,HDLD004,Điều 7,"- Về thanh toán đầy đủ, đúng thời hạn tiền lương và các chế độ, quyền lợi khác của người lao động theo thỏa thuận trong hợp đồng: .................................................................................................................................",EMPLOYER_RIGHTS_OBLIGATIONS,REVIEWED,Chuẩn hóa label để nhất quán với các clause cùng nghĩa về nghĩa vụ thanh toán của NSDLĐ trong HDLD001/HDLD002/HDLD003.,7663,7922,EXACT
HDLD004_C035,HDLD004,Điều 7,"- Về bố trí chỗ ăn, ở cho người lao động (đối với người lao động sống cùng người sử dụng lao động): …………………………………………………..",WORKING_CONDITIONS,REVIEWED,,7923,8044,EXACT
HDLD004_C036,HDLD004,Điều 7,- Về đăng ký tạm trú cho người lao động (đối với người lao động sống cùng người sử dụng lao động thuộc đối tượng phải đăng ký tạm trú): .................................................................................................................,EMPLOYER_RIGHTS_OBLIGATIONS,REVIEWED,,8045,8294,EXACT
HDLD004_C037,HDLD004,Điều 7,"- Về tạo điều kiện cho người lao động học nghề, học văn hóa: ..............................................",TRAINING,REVIEWED,,8295,8402,EXACT
HDLD004_C038,HDLD004,Điều 8,- Các trường hợp người sử dụng lao động được áp dụng hình thức khiển trách:,EMPLOYEE_OBLIGATIONS_DISCIPLINE,REVIEWED,,8428,8503,EXACT
HDLD004_C039,HDLD004,Điều 8,- Các trường hợp người sử dụng lao động được áp dụng hình thức sa thải:,TERMINATION,REVIEWED,,8643,8714,EXACT
HDLD004_C040,HDLD004,Điều 9,- Các trường hợp người lao động phải bồi thường thiệt hại cho người sử dụng lao động: ..........................................................................................................................................,EMPLOYEE_OBLIGATIONS_DISCIPLINE,REVIEWED,,8892,9116,EXACT
HDLD004_C041,HDLD004,Điều 9,- Các trường hợp người sử dụng lao động phải bồi thường thiệt hại cho người lao động: ..........................................................................................................................................,EMPLOYER_RIGHTS_OBLIGATIONS,REVIEWED,Employer compensation liability is an employer obligation under the current taxonomy.,9117,9341,EXACT
HDLD004_C042,HDLD004,Điều 11,"Hợp đồng này được lập thành 02 bản có giá trị như nhau, mỗi bên giữ 01 bản",OTHER,REVIEWED,,9683,9757,EXACT
HDLD004_C043,HDLD004,Điều 11,Hợp đồng này có hiệu lực từ ngày ......... tháng ........... năm ..........,CONTRACT_TERM,REVIEWED,"Tách từ câu đa ý ở Điều 11; lặp chủ ngữ 'Hợp đồng này' để clause đứng độc lập.; OFFSET_CONTEXT: highlights the shared original sentence/bullet, not exact normalized clause text",9683,9823,CONTEXT
